<?xml version="1.0" encoding="utf-8"?>
<WorldGeneratorConfiguration>
  <OutputDirectory>C:\Users\npalma\Documents\Endless Legend\Temporary Files</OutputDirectory>
  <OutputPath>C:\Users\npalma\Documents\Endless Legend\Temporary Files\WorldGeneratorOutput.zip</OutputPath>
  <SettingsPath>./WorldGeneratorSettings.xml</SettingsPath>
  <Properties>
    <WorldSize>Tiny</WorldSize>
    <Width>40</Width>
    <Height>40</Height>
    <MaxDifferentLuxuryTypes>6</MaxDifferentLuxuryTypes>
    <MaxResourcesPerRegion>7</MaxResourcesPerRegion>
    <WorldShape>Custom</WorldShape>
    <ContinentShape>Custom</ContinentShape>
    <Temperature>Terran</Temperature>
    <SelectedGlobalClimate>PlanetTerran</SelectedGlobalClimate>
    <Topography>Custom</Topography>
    <PercentageOfLandmassOverWater>40</PercentageOfLandmassOverWater>
    <LandPrevalence>40</LandPrevalence>
    <OceanPrevalence>60</OceanPrevalence>
    <NumberOfContinents>3</NumberOfContinents>
    <LandMasses>3</LandMasses>
    <IslandsOdds>None</IslandsOdds>
    <IslandsPresencePercent>0</IslandsPresencePercent>
    <ForceOceansOnWorldBoundaries>true</ForceOceansOnWorldBoundaries>
    <WorldWrap>False</WorldWrap>
    <Wraps>false</Wraps>
    <WorldHemispheres>Both</WorldHemispheres>
    <ContinentSpread>Regular</ContinentSpread>
    <ContinentSpreading>Regular</ContinentSpreading>
    <ContinentForm>Regular</ContinentForm>
    <ContinentShaping>Regular</ContinentShaping>
    <InternalSea>No</InternalSea>
    <RegionSize>Large</RegionSize>
    <ExpectedRegionArea>90</ExpectedRegionArea>
    <ExpectedOceanRegionArea>125</ExpectedOceanRegionArea>
    <Noise>Few</Noise>
    <LakeOdds>Few</LakeOdds>
    <LakeSize>Average</LakeSize>
    <Rivers>Few</Rivers>
    <RidgesAndCliffs>Few</RidgesAndCliffs>
    <Forests>Few</Forests>
    <Geometry>Default</Geometry>
    <GeometryTranslationPerStep>0.2</GeometryTranslationPerStep>
    <GeometryTranslationPerStepUnderWater>0.35</GeometryTranslationPerStepUnderWater>
    <GeometryTranslationPerTransitionNoStep>0.3</GeometryTranslationPerTransitionNoStep>
    <GeometryTranslationPerTransitionNoStepUnderWater>0.3</GeometryTranslationPerTransitionNoStepUnderWater>
    <GeometryTranslationPerSmallCliff>0.05</GeometryTranslationPerSmallCliff>
    <GeometryTranslationPerSmallCliffUnderWater>0.2</GeometryTranslationPerSmallCliffUnderWater>
    <GeometrySmallBreakUpCountSteps>2</GeometrySmallBreakUpCountSteps>
    <GeometrySmallBreakUpCountNoStep>1</GeometrySmallBreakUpCountNoStep>
    <GeometrySmallBreakUpCountRivers>2</GeometrySmallBreakUpCountRivers>
    <GeometryBreakUpProbabilityMultiplier>0.86</GeometryBreakUpProbabilityMultiplier>
    <GeometrySmoothGroupAngle>30</GeometrySmoothGroupAngle>
    <GeometryLowResNoiseFrequencyMultiplier>0.2</GeometryLowResNoiseFrequencyMultiplier>
    <GeometryLowResNoiseIntensity>0.2</GeometryLowResNoiseIntensity>
    <GeometryHighResNoiseFrequencyMultiplier>1</GeometryHighResNoiseFrequencyMultiplier>
    <GeometryHighResNoiseIntensity>0.05</GeometryHighResNoiseIntensity>
    <GeometryOffsetYOfRegionLineAboveCliff>0.066</GeometryOffsetYOfRegionLineAboveCliff>
    <GeometryMinRiverWidth>0.05f</GeometryMinRiverWidth>
    <GeometryMaxRiverWidth>0.5f</GeometryMaxRiverWidth>
    <GeometryMinRiverDepth>0.01f</GeometryMinRiverDepth>
    <GeometryMaxRiverDepth>0.1f</GeometryMaxRiverDepth>
    <GeometryLengthRiverToBeMaxWidthDepth>10.0f</GeometryLengthRiverToBeMaxWidthDepth>
    <GeometryRiverBorderFactor>0.3f</GeometryRiverBorderFactor>
    <Seed>0</Seed>
    <EmpireSpawn>Average</EmpireSpawn>
    <StrategicResourceAbundance>Few</StrategicResourceAbundance>
    <LuxuryResourceAbundance>Few</LuxuryResourceAbundance>
    <AnomalyOdds>Few</AnomalyOdds>
    <MinorFactionDifficulty>Hard</MinorFactionDifficulty>
    <GameSpeed>Hard</GameSpeed>
  </Properties>
  <Empires>
    <Empire Name="AffinityTutorial" />
  </Empires>
  <PointOfInterestTemplates>
    <PointOfInterestTemplate Name="ResourceDeposit_Strategic1">
      <Property Name="Type">ResourceDeposit</Property>
      <Property Name="ResourceName">Strategic1</Property>
      <Property Name="ResourceType">Strategic</Property>
      <Property Name="Category">ResourceDeposit_Strategic</Property>
      <Property Name="DistrictBonus">PointOfInterestBonusStrategic</Property>
      <Property Name="VisibilityTechnology">TechnologyEraDefinition1</Property>
      <Property Name="StrategicTier">Tier1</Property>
      <Property Name="NormalQuantity">12</Property>
    </PointOfInterestTemplate>
    <PointOfInterestTemplate Name="ResourceDeposit_Strategic2">
      <Property Name="Type">ResourceDeposit</Property>
      <Property Name="ResourceName">Strategic2</Property>
      <Property Name="ResourceType">Strategic</Property>
      <Property Name="Category">ResourceDeposit_Strategic</Property>
      <Property Name="DistrictBonus">PointOfInterestBonusStrategic</Property>
      <Property Name="VisibilityTechnology">TechnologyEraDefinition1</Property>
      <Property Name="StrategicTier">Tier1</Property>
      <Property Name="NormalQuantity">12</Property>
    </PointOfInterestTemplate>
    <PointOfInterestTemplate Name="ResourceDeposit_Strategic3">
      <Property Name="Type">ResourceDeposit</Property>
      <Property Name="ResourceName">Strategic3</Property>
      <Property Name="ResourceType">Strategic</Property>
      <Property Name="Category">ResourceDeposit_Strategic</Property>
      <Property Name="DistrictBonus">PointOfInterestBonusStrategic</Property>
      <Property Name="VisibilityTechnology">TechnologyEraDefinition3</Property>
      <Property Name="StrategicTier">Tier2</Property>
      <Property Name="NormalQuantity">8</Property>
    </PointOfInterestTemplate>
    <PointOfInterestTemplate Name="ResourceDeposit_Strategic4">
      <Property Name="Type">ResourceDeposit</Property>
      <Property Name="ResourceName">Strategic4</Property>
      <Property Name="ResourceType">Strategic</Property>
      <Property Name="Category">ResourceDeposit_Strategic</Property>
      <Property Name="DistrictBonus">PointOfInterestBonusStrategic</Property>
      <Property Name="VisibilityTechnology">TechnologyEraDefinition3</Property>
      <Property Name="StrategicTier">Tier2</Property>
      <Property Name="NormalQuantity">8</Property>
    </PointOfInterestTemplate>
    <PointOfInterestTemplate Name="ResourceDeposit_Strategic5">
      <Property Name="Type">ResourceDeposit</Property>
      <Property Name="ResourceName">Strategic5</Property>
      <Property Name="ResourceType">Strategic</Property>
      <Property Name="Category">ResourceDeposit_Strategic</Property>
      <Property Name="DistrictBonus">PointOfInterestBonusStrategic</Property>
      <Property Name="VisibilityTechnology">TechnologyEraDefinition4</Property>
      <Property Name="StrategicTier">Tier3</Property>
      <Property Name="NormalQuantity">4</Property>
    </PointOfInterestTemplate>
    <PointOfInterestTemplate Name="ResourceDeposit_Strategic6">
      <Property Name="Type">ResourceDeposit</Property>
      <Property Name="ResourceName">Strategic6</Property>
      <Property Name="ResourceType">Strategic</Property>
      <Property Name="Category">ResourceDeposit_Strategic</Property>
      <Property Name="DistrictBonus">PointOfInterestBonusStrategic</Property>
      <Property Name="VisibilityTechnology">TechnologyEraDefinition4</Property>
      <Property Name="StrategicTier">Tier3</Property>
      <Property Name="NormalQuantity">4</Property>
    </PointOfInterestTemplate>
    <PointOfInterestTemplate Name="ResourceDeposit_Luxury1">
      <Property Name="Type">ResourceDeposit</Property>
      <Property Name="ResourceName">Luxury1</Property>
      <Property Name="ResourceType">Luxury</Property>
      <Property Name="Category">ResourceDeposit_Luxury</Property>
      <Property Name="DistrictBonus">PointOfInterestBonusLuxury</Property>
      <Property Name="VisibilityTechnology">TechnologyEraDefinition1</Property>
      <Property Name="LuxuryTier">Tier1</Property>
    </PointOfInterestTemplate>
    <PointOfInterestTemplate Name="ResourceDeposit_Luxury2">
      <Property Name="Type">ResourceDeposit</Property>
      <Property Name="ResourceName">Luxury2</Property>
      <Property Name="ResourceType">Luxury</Property>
      <Property Name="Category">ResourceDeposit_Luxury</Property>
      <Property Name="DistrictBonus">PointOfInterestBonusLuxury</Property>
      <Property Name="VisibilityTechnology">TechnologyEraDefinition1</Property>
      <Property Name="LuxuryTier">Tier1</Property>
    </PointOfInterestTemplate>
    <PointOfInterestTemplate Name="ResourceDeposit_Luxury3">
      <Property Name="Type">ResourceDeposit</Property>
      <Property Name="ResourceName">Luxury3</Property>
      <Property Name="ResourceType">Luxury</Property>
      <Property Name="Category">ResourceDeposit_Luxury</Property>
      <Property Name="DistrictBonus">PointOfInterestBonusLuxury</Property>
      <Property Name="VisibilityTechnology">TechnologyEraDefinition1</Property>
      <Property Name="LuxuryTier">Tier1</Property>
    </PointOfInterestTemplate>
    <PointOfInterestTemplate Name="ResourceDeposit_Luxury4">
      <Property Name="Type">ResourceDeposit</Property>
      <Property Name="ResourceName">Luxury4</Property>
      <Property Name="ResourceType">Luxury</Property>
      <Property Name="Category">ResourceDeposit_Luxury</Property>
      <Property Name="DistrictBonus">PointOfInterestBonusLuxury</Property>
      <Property Name="VisibilityTechnology">TechnologyEraDefinition1</Property>
      <Property Name="LuxuryTier">Tier1</Property>
    </PointOfInterestTemplate>
    <PointOfInterestTemplate Name="ResourceDeposit_Luxury5">
      <Property Name="Type">ResourceDeposit</Property>
      <Property Name="ResourceName">Luxury5</Property>
      <Property Name="ResourceType">Luxury</Property>
      <Property Name="Category">ResourceDeposit_Luxury</Property>
      <Property Name="DistrictBonus">PointOfInterestBonusLuxury</Property>
      <Property Name="VisibilityTechnology">TechnologyEraDefinition1</Property>
      <Property Name="LuxuryTier">Tier1</Property>
    </PointOfInterestTemplate>
    <PointOfInterestTemplate Name="ResourceDeposit_Luxury6">
      <Property Name="Type">ResourceDeposit</Property>
      <Property Name="ResourceName">Luxury6</Property>
      <Property Name="ResourceType">Luxury</Property>
      <Property Name="Category">ResourceDeposit_Luxury</Property>
      <Property Name="DistrictBonus">PointOfInterestBonusLuxury</Property>
      <Property Name="VisibilityTechnology">TechnologyEraDefinition3</Property>
      <Property Name="LuxuryTier">Tier2</Property>
    </PointOfInterestTemplate>
    <PointOfInterestTemplate Name="ResourceDeposit_Luxury7">
      <Property Name="Type">ResourceDeposit</Property>
      <Property Name="ResourceName">Luxury7</Property>
      <Property Name="ResourceType">Luxury</Property>
      <Property Name="Category">ResourceDeposit_Luxury</Property>
      <Property Name="DistrictBonus">PointOfInterestBonusLuxury</Property>
      <Property Name="VisibilityTechnology">TechnologyEraDefinition3</Property>
      <Property Name="LuxuryTier">Tier2</Property>
    </PointOfInterestTemplate>
    <PointOfInterestTemplate Name="ResourceDeposit_Luxury8">
      <Property Name="Type">ResourceDeposit</Property>
      <Property Name="ResourceName">Luxury8</Property>
      <Property Name="ResourceType">Luxury</Property>
      <Property Name="Category">ResourceDeposit_Luxury</Property>
      <Property Name="DistrictBonus">PointOfInterestBonusLuxury</Property>
      <Property Name="VisibilityTechnology">TechnologyEraDefinition3</Property>
      <Property Name="LuxuryTier">Tier2</Property>
    </PointOfInterestTemplate>
    <PointOfInterestTemplate Name="ResourceDeposit_Luxury9">
      <Property Name="Type">ResourceDeposit</Property>
      <Property Name="ResourceName">Luxury9</Property>
      <Property Name="ResourceType">Luxury</Property>
      <Property Name="Category">ResourceDeposit_Luxury</Property>
      <Property Name="DistrictBonus">PointOfInterestBonusLuxury</Property>
      <Property Name="VisibilityTechnology">TechnologyEraDefinition3</Property>
      <Property Name="LuxuryTier">Tier2</Property>
    </PointOfInterestTemplate>
    <PointOfInterestTemplate Name="ResourceDeposit_Luxury10">
      <Property Name="Type">ResourceDeposit</Property>
      <Property Name="ResourceName">Luxury10</Property>
      <Property Name="ResourceType">Luxury</Property>
      <Property Name="Category">ResourceDeposit_Luxury</Property>
      <Property Name="DistrictBonus">PointOfInterestBonusLuxury</Property>
      <Property Name="VisibilityTechnology">TechnologyEraDefinition3</Property>
      <Property Name="LuxuryTier">Tier2</Property>
    </PointOfInterestTemplate>
    <PointOfInterestTemplate Name="ResourceDeposit_Luxury11">
      <Property Name="Type">ResourceDeposit</Property>
      <Property Name="ResourceName">Luxury11</Property>
      <Property Name="ResourceType">Luxury</Property>
      <Property Name="Category">ResourceDeposit_Luxury</Property>
      <Property Name="DistrictBonus">PointOfInterestBonusLuxury</Property>
      <Property Name="VisibilityTechnology">TechnologyEraDefinition4</Property>
      <Property Name="LuxuryTier">Tier3</Property>
    </PointOfInterestTemplate>
    <PointOfInterestTemplate Name="ResourceDeposit_Luxury12">
      <Property Name="Type">ResourceDeposit</Property>
      <Property Name="ResourceName">Luxury12</Property>
      <Property Name="ResourceType">Luxury</Property>
      <Property Name="Category">ResourceDeposit_Luxury</Property>
      <Property Name="DistrictBonus">PointOfInterestBonusLuxury</Property>
      <Property Name="VisibilityTechnology">TechnologyEraDefinition4</Property>
      <Property Name="LuxuryTier">Tier3</Property>
    </PointOfInterestTemplate>
    <PointOfInterestTemplate Name="ResourceDeposit_Luxury13">
      <Property Name="Type">ResourceDeposit</Property>
      <Property Name="ResourceName">Luxury13</Property>
      <Property Name="ResourceType">Luxury</Property>
      <Property Name="Category">ResourceDeposit_Luxury</Property>
      <Property Name="DistrictBonus">PointOfInterestBonusLuxury</Property>
      <Property Name="VisibilityTechnology">TechnologyEraDefinition4</Property>
      <Property Name="LuxuryTier">Tier3</Property>
    </PointOfInterestTemplate>
    <PointOfInterestTemplate Name="ResourceDeposit_Luxury14">
      <Property Name="Type">ResourceDeposit</Property>
      <Property Name="ResourceName">Luxury14</Property>
      <Property Name="ResourceType">Luxury</Property>
      <Property Name="Category">ResourceDeposit_Luxury</Property>
      <Property Name="DistrictBonus">PointOfInterestBonusLuxury</Property>
      <Property Name="VisibilityTechnology">TechnologyEraDefinition4</Property>
      <Property Name="LuxuryTier">Tier3</Property>
    </PointOfInterestTemplate>
    <PointOfInterestTemplate Name="ResourceDeposit_Luxury15">
      <Property Name="Type">ResourceDeposit</Property>
      <Property Name="ResourceName">Luxury15</Property>
      <Property Name="ResourceType">Luxury</Property>
      <Property Name="Category">ResourceDeposit_Luxury</Property>
      <Property Name="DistrictBonus">PointOfInterestBonusLuxury</Property>
      <Property Name="VisibilityTechnology">TechnologyEraDefinition4</Property>
      <Property Name="LuxuryTier">Tier3</Property>
    </PointOfInterestTemplate>
    <PointOfInterestTemplate Name="WatchTower">
      <Property Name="Type">WatchTower</Property>
      <Property Name="Category">WatchTower</Property>
      <Property Name="VisibilityTechnology">TechnologyEraDefinition2</Property>
    </PointOfInterestTemplate>
    <PointOfInterestTemplate Name="QuestLocation_Temple">
      <Property Name="Type">QuestLocation</Property>
      <Property Name="QuestLocationType">Temple</Property>
      <Property Name="PreventsDistrictTypeCenterConstruction">True</Property>
      <Property Name="PreventsDistrictTypeExtensionConstruction">True</Property>
    </PointOfInterestTemplate>
    <PointOfInterestTemplate Name="QuestLocation_Ruin">
      <Property Name="Type">QuestLocation</Property>
      <Property Name="QuestLocationType">Ruin</Property>
      <Property Name="PreventsDistrictTypeCenterConstruction">True</Property>
      <Property Name="PreventsDistrictTypeExtensionConstruction">True</Property>
    </PointOfInterestTemplate>
    <PointOfInterestTemplate Name="Village_Urces">
      <Property Name="Type">Village</Property>
      <Property Name="Affinity">Urces</Property>
      <Property Name="AffinityMapping">Urces</Property>
      <Property Name="Improvement">Village_Urces</Property>
      <Property Name="PreventsDistrictTypeCenterConstruction">True</Property>
      <Property Name="PreventsDistrictTypeExtensionConstruction">True</Property>
    </PointOfInterestTemplate>
    <PointOfInterestTemplate Name="Village_Erycis">
      <Property Name="Type">Village</Property>
      <Property Name="Affinity">Erycis</Property>
      <Property Name="AffinityMapping">Erycis</Property>
      <Property Name="Improvement">Village_Erycis</Property>
      <Property Name="PreventsDistrictTypeCenterConstruction">True</Property>
      <Property Name="PreventsDistrictTypeExtensionConstruction">True</Property>
    </PointOfInterestTemplate>
    <PointOfInterestTemplate Name="Village_Ceratan">
      <Property Name="Type">Village</Property>
      <Property Name="Affinity">Ceratan</Property>
      <Property Name="AffinityMapping">Ceratan</Property>
      <Property Name="Improvement">Village_Ceratan</Property>
      <Property Name="PreventsDistrictTypeCenterConstruction">True</Property>
      <Property Name="PreventsDistrictTypeExtensionConstruction">True</Property>
    </PointOfInterestTemplate>
    <PointOfInterestTemplate Name="Village_Kazanji">
      <Property Name="Type">Village</Property>
      <Property Name="Affinity">Kazanji</Property>
      <Property Name="AffinityMapping">Kazanji</Property>
      <Property Name="Improvement">Village_Kazanji</Property>
      <Property Name="PreventsDistrictTypeCenterConstruction">True</Property>
      <Property Name="PreventsDistrictTypeExtensionConstruction">True</Property>
    </PointOfInterestTemplate>
    <PointOfInterestTemplate Name="Village_Bos">
      <Property Name="Type">Village</Property>
      <Property Name="Affinity">Bos</Property>
      <Property Name="AffinityMapping">Bos</Property>
      <Property Name="Improvement">Village_Bos</Property>
      <Property Name="PreventsDistrictTypeCenterConstruction">True</Property>
      <Property Name="PreventsDistrictTypeExtensionConstruction">True</Property>
    </PointOfInterestTemplate>
    <PointOfInterestTemplate Name="Village_Silics">
      <Property Name="Type">Village</Property>
      <Property Name="Affinity">Silics</Property>
      <Property Name="AffinityMapping">Silics</Property>
      <Property Name="Improvement">Village_Silics</Property>
      <Property Name="PreventsDistrictTypeCenterConstruction">True</Property>
      <Property Name="PreventsDistrictTypeExtensionConstruction">True</Property>
    </PointOfInterestTemplate>
    <PointOfInterestTemplate Name="Village_Delvers">
      <Property Name="Type">Village</Property>
      <Property Name="Affinity">Delvers</Property>
      <Property Name="AffinityMapping">Delvers</Property>
      <Property Name="Improvement">Village_Delvers</Property>
      <Property Name="PreventsDistrictTypeCenterConstruction">True</Property>
      <Property Name="PreventsDistrictTypeExtensionConstruction">True</Property>
    </PointOfInterestTemplate>
    <PointOfInterestTemplate Name="Village_SistersOfMercy">
      <Property Name="Type">Village</Property>
      <Property Name="Affinity">SistersOfMercy</Property>
      <Property Name="AffinityMapping">SistersOfMercy</Property>
      <Property Name="Improvement">Village_SistersOfMercy</Property>
      <Property Name="PreventsDistrictTypeCenterConstruction">True</Property>
      <Property Name="PreventsDistrictTypeExtensionConstruction">True</Property>
    </PointOfInterestTemplate>
    <PointOfInterestTemplate Name="Village_Haunts">
      <Property Name="Type">Village</Property>
      <Property Name="Affinity">Haunts</Property>
      <Property Name="AffinityMapping">Haunts</Property>
      <Property Name="Improvement">Village_Haunts</Property>
      <Property Name="PreventsDistrictTypeCenterConstruction">True</Property>
      <Property Name="PreventsDistrictTypeExtensionConstruction">True</Property>
    </PointOfInterestTemplate>
    <PointOfInterestTemplate Name="Village_Jotus">
      <Property Name="Type">Village</Property>
      <Property Name="Affinity">Jotus</Property>
      <Property Name="AffinityMapping">Jotus</Property>
      <Property Name="Improvement">Village_Jotus</Property>
      <Property Name="PreventsDistrictTypeCenterConstruction">True</Property>
      <Property Name="PreventsDistrictTypeExtensionConstruction">True</Property>
    </PointOfInterestTemplate>
    <PointOfInterestTemplate Name="Village_Hurnas">
      <Property Name="Type">Village</Property>
      <Property Name="Affinity">Hurnas</Property>
      <Property Name="AffinityMapping">Hurnas</Property>
      <Property Name="Improvement">Village_Hurnas</Property>
      <Property Name="PreventsDistrictTypeCenterConstruction">True</Property>
      <Property Name="PreventsDistrictTypeExtensionConstruction">True</Property>
    </PointOfInterestTemplate>
    <PointOfInterestTemplate Name="Village_Gauran">
      <Property Name="Type">Village</Property>
      <Property Name="Affinity">Gauran</Property>
      <Property Name="AffinityMapping">Gauran</Property>
      <Property Name="Improvement">Village_Gauran</Property>
      <Property Name="PreventsDistrictTypeCenterConstruction">True</Property>
      <Property Name="PreventsDistrictTypeExtensionConstruction">True</Property>
    </PointOfInterestTemplate>
  </PointOfInterestTemplates>
</WorldGeneratorConfiguration>