﻿<?xml version="1.0" encoding="utf-8"?>
<AIScheduler>
  <Helpers Count="15">
    <PersonalityAIHelper AssemblyQualifiedName="PersonalityAIHelper, Assembly-CSharp, Version=0.0.0.0, Culture=neutral, PublicKeyToken=null" />
    <ConstructibleElementEvaluation AssemblyQualifiedName="ConstructibleElementEvaluation, Assembly-CSharp, Version=0.0.0.0, Culture=neutral, PublicKeyToken=null" />
    <WorldPositionEvaluation AssemblyQualifiedName="WorldPositionEvaluation, Assembly-CSharp, Version=0.0.0.0, Culture=neutral, PublicKeyToken=null" />
    <WorldAtlasHelper WorldAtlasHelper.Version="2" AssemblyQualifiedName="WorldAtlasHelper, Assembly-CSharp, Version=0.0.0.0, Culture=neutral, PublicKeyToken=null">
      <AIRegionDataByEmpire>
        <AIRegionDataList Count="53">
          <AIRegionData ColonizationPreference="0" />
          <AIRegionData ColonizationPreference="0" />
          <AIRegionData ColonizationPreference="0" />
          <AIRegionData ColonizationPreference="0" />
          <AIRegionData ColonizationPreference="0" />
          <AIRegionData ColonizationPreference="0" />
          <AIRegionData ColonizationPreference="0" />
          <AIRegionData ColonizationPreference="0" />
          <AIRegionData ColonizationPreference="0" />
          <AIRegionData ColonizationPreference="0" />
          <AIRegionData ColonizationPreference="0" />
          <AIRegionData ColonizationPreference="0" />
          <AIRegionData ColonizationPreference="0" />
          <AIRegionData ColonizationPreference="0" />
          <AIRegionData ColonizationPreference="0" />
          <AIRegionData ColonizationPreference="0" />
          <AIRegionData ColonizationPreference="0" />
          <AIRegionData ColonizationPreference="0" />
          <AIRegionData ColonizationPreference="0" />
          <AIRegionData ColonizationPreference="0" />
          <AIRegionData ColonizationPreference="0" />
          <AIRegionData ColonizationPreference="0" />
          <AIRegionData ColonizationPreference="0" />
          <AIRegionData ColonizationPreference="0" />
          <AIRegionData ColonizationPreference="0" />
          <AIRegionData ColonizationPreference="0" />
          <AIRegionData ColonizationPreference="0" />
          <AIRegionData ColonizationPreference="0" />
          <AIRegionData ColonizationPreference="0" />
          <AIRegionData ColonizationPreference="0" />
          <AIRegionData ColonizationPreference="0" />
          <AIRegionData ColonizationPreference="0" />
          <AIRegionData ColonizationPreference="0" />
          <AIRegionData ColonizationPreference="0" />
          <AIRegionData ColonizationPreference="0" />
          <AIRegionData ColonizationPreference="0" />
          <AIRegionData ColonizationPreference="0" />
          <AIRegionData ColonizationPreference="0" />
          <AIRegionData ColonizationPreference="0" />
          <AIRegionData ColonizationPreference="0" />
          <AIRegionData ColonizationPreference="0" />
          <AIRegionData ColonizationPreference="0" />
          <AIRegionData ColonizationPreference="0" />
          <AIRegionData ColonizationPreference="0" />
          <AIRegionData ColonizationPreference="0" />
          <AIRegionData ColonizationPreference="0" />
          <AIRegionData ColonizationPreference="0" />
          <AIRegionData ColonizationPreference="0" />
          <AIRegionData ColonizationPreference="0" />
          <AIRegionData ColonizationPreference="0" />
          <AIRegionData ColonizationPreference="0" />
          <AIRegionData ColonizationPreference="0" />
          <AIRegionData ColonizationPreference="0" />
        </AIRegionDataList>
      </AIRegionDataByEmpire>
    </WorldAtlasHelper>
    <Intelligence AssemblyQualifiedName="Intelligence, Assembly-CSharp, Version=0.0.0.0, Culture=neutral, PublicKeyToken=null">
      <BeliefsByEmpire>
        <Beliefs Count="0" />
      </BeliefsByEmpire>
    </Intelligence>
    <EntityInfoAIHelper AssemblyQualifiedName="EntityInfoAIHelper, Assembly-CSharp, Version=0.0.0.0, Culture=neutral, PublicKeyToken=null" />
    <TickableRepository AssemblyQualifiedName="TickableRepository, Assembly-CSharp, Version=0.0.0.0, Culture=neutral, PublicKeyToken=null" />
    <SynchronousJobRepository AssemblyQualifiedName="SynchronousJobRepository, Assembly-CSharp, Version=0.0.0.0, Culture=neutral, PublicKeyToken=null" />
    <AIDataRepositoryAIHelper AssemblyQualifiedName="AIDataRepositoryAIHelper, Assembly-CSharp, Version=0.0.0.0, Culture=neutral, PublicKeyToken=null">
      <AIData>
        <AIDataElement Guid="147">
          <nullref />
        </AIDataElement>
        <AIDataElement ReservingGUID="0" ReservingClassType="" ReservationExtraTag="0" ReservationMilitaryStress="0" Guid="148" />
        <AIDataElement ReservingGUID="0" ReservingClassType="" ReservationExtraTag="0" ReservationMilitaryStress="0" Guid="78" />
        <AIDataElement ReservingGUID="0" ReservingClassType="" ReservationExtraTag="0" ReservationMilitaryStress="0" Guid="79" />
        <AIDataElement ReservingGUID="0" ReservingClassType="" ReservationExtraTag="0" ReservationMilitaryStress="0" Guid="80" />
        <AIDataElement ReservingGUID="0" ReservingClassType="" ReservationExtraTag="0" ReservationMilitaryStress="0" Guid="81" />
        <AIDataElement ReservingGUID="0" ReservingClassType="" ReservationExtraTag="0" ReservationMilitaryStress="0" Guid="100" />
        <AIDataElement ReservingGUID="0" ReservingClassType="" ReservationExtraTag="0" ReservationMilitaryStress="0" Guid="101" />
        <AIDataElement ReservingGUID="0" ReservingClassType="" ReservationExtraTag="0" ReservationMilitaryStress="0" Guid="102" />
        <AIDataElement ReservingGUID="0" ReservingClassType="" ReservationExtraTag="0" ReservationMilitaryStress="0" Guid="103" />
        <AIDataElement ReservingGUID="0" ReservingClassType="" ReservationExtraTag="0" ReservationMilitaryStress="0" Guid="104" />
        <AIDataElement ReservingGUID="0" ReservingClassType="" ReservationExtraTag="0" ReservationMilitaryStress="0" Guid="105" />
      </AIData>
    </AIDataRepositoryAIHelper>
    <UnitDesignAIEvaluationHelper AssemblyQualifiedName="UnitDesignAIEvaluationHelper, Assembly-CSharp, Version=0.0.0.0, Culture=neutral, PublicKeyToken=null" />
    <UnitPatternAIEvaluationHelper AssemblyQualifiedName="UnitPatternAIEvaluationHelper, Assembly-CSharp, Version=0.0.0.0, Culture=neutral, PublicKeyToken=null" />
    <ConstructibleElementAIHelper AssemblyQualifiedName="ConstructibleElementAIHelper, Assembly-CSharp, Version=0.0.0.0, Culture=neutral, PublicKeyToken=null" />
    <RandomNumberGeneratorAIHelper AssemblyQualifiedName="RandomNumberGeneratorAIHelper, Assembly-CSharp, Version=0.0.0.0, Culture=neutral, PublicKeyToken=null" />
    <AIEntityGUIDAIHelper AssemblyQualifiedName="AIEntityGUIDAIHelper, Assembly-CSharp, Version=0.0.0.0, Culture=neutral, PublicKeyToken=null" nextAvailableAIEntityGUID="44" />
    <CommunicationAIHelper CommunicationAIHelper.Version="2" AssemblyQualifiedName="CommunicationAIHelper, Assembly-CSharp, Version=0.0.0.0, Culture=neutral, PublicKeyToken=null">
      <EmpireCommunicationDataByEmpire Count="1">
        <EmpireCommunicationData TargetEmpireIndex="0">
          <AttitudeModifierDataFromEmpireArray Count="1">
            <AttitudeModifierDataFromEmpire ReferenceEmpire="0">
              <ModifierDataArray Count="0" />
            </AttitudeModifierDataFromEmpire>
          </AttitudeModifierDataFromEmpireArray>
        </EmpireCommunicationData>
      </EmpireCommunicationDataByEmpire>
      <FeedbacksHistoric Count="0" />
    </CommunicationAIHelper>
  </Helpers>
  <AIPlayer_MajorEmpires Count="1">
    <AIPlayer_MajorEmpire EmpireIndex="0">
      <Blackboard>
        <NextMessageId>2</NextMessageId>
        <Messages Count="1">
          <AmasEmpireDataMessage AmasEmpireDataMessage.Version="5" AssemblyQualifiedName="AmasEmpireDataMessage, Assembly-CSharp, Version=0.0.0.0, Culture=neutral, PublicKeyToken=null" ID="1" LayerID="Empire" TimeOut="1" State="0">
            <ResearchWeights Count="5">
              <Value>0</Value>
              <Value>0</Value>
              <Value>0.006390324</Value>
              <Value>0.056625</Value>
              <Value>0</Value>
            </ResearchWeights>
            <PeaceTechnologyWeight>0</PeaceTechnologyWeight>
            <AllianceTechnologyWeight>0</AllianceTechnologyWeight>
            <GlobalEconomicStress>0.448000044</GlobalEconomicStress>
            <GlobalMilitaryStress>0.352000058</GlobalMilitaryStress>
            <GlobalEconomicStressCoeff>1</GlobalEconomicStressCoeff>
            <GlobalMilitaryStressCoeff>1</GlobalMilitaryStressCoeff>
            <GlobalPriorityByObjective Count="0" />
            <AmasRegionDataList Count="0" />
            <ParleyTechnologyWeight>0</ParleyTechnologyWeight>
            <GlobalEmpireSafety>0.6399998</GlobalEmpireSafety>
          </AmasEmpireDataMessage>
        </Messages>
      </Blackboard>
      <AIs Count="2">
        <AIEntity_Amas AssemblyQualifiedName="AIEntity_Amas, Assembly-CSharp, Version=0.0.0.0, Culture=neutral, PublicKeyToken=null">
          <Layers Count="3">
            <AILayer_ResourceAmas AILayer.Version="3" InternalGUID="1" />
            <AILayer_DiplomacyAmas AILayer.Version="3" InternalGUID="2" />
            <AILayer_ActivityAmas AILayer.Version="3" InternalGUID="3" />
          </Layers>
        </AIEntity_Amas>
        <AIEntity_Empire AssemblyQualifiedName="AIEntity_Empire, Assembly-CSharp, Version=0.0.0.0, Culture=neutral, PublicKeyToken=null">
          <Layers Count="28">
            <AILayer_AmasEmpire AILayer.Version="3" InternalGUID="4" />
            <AILayer_Strategy AssemblyQualifiedName="AIStrategicPlan_Start" AILayer.Version="3" InternalGUID="5" />
            <AILayer_War AILayer.Version="3" InternalGUID="6">
              <WarStatusByEmpire Count="1">
                <WarStatus>0</WarStatus>
              </WarStatusByEmpire>
            </AILayer_War>
            <AILayer_AccountManager AILayer_AccountManager.Version="4" AILayer.Version="3" InternalGUID="7">
              <Accounts Count="5">
                <Account AccountTag="MilitaryAccount" CurrentProfitPercent="0" EstimatedBalance="0" PromisedAmount="0" />
                <Account AccountTag="EconomyAccount" CurrentProfitPercent="0" EstimatedBalance="0" PromisedAmount="0" />
                <Account AccountTag="HeroAccount" CurrentProfitPercent="0" EstimatedBalance="0" PromisedAmount="0" />
                <Account AccountTag="DiplomacyAccount" CurrentProfitPercent="0" EstimatedBalance="0" PromisedAmount="0" />
                <Account AccountTag="EmpirePlanAccount" CurrentProfitPercent="0" EstimatedBalance="0" PromisedAmount="0" />
              </Accounts>
            </AILayer_AccountManager>
            <AILayer_Economy BeginTurn="-1" AILayer.Version="3" InternalGUID="8" />
            <AILayer_Exploration AILayer.Version="3" InternalGUID="9" />
            <AILayer_Colonization AILayer_Colonization.Version="2" SettlerCount="0" AILayer.Version="3" InternalGUID="10" />
            <AILayer_Military AILayer.Version="3" InternalGUID="11" />
            <AILayer_Heroes AILayer.Version="3" InternalGUID="12" />
            <AILayer_UnitDesigner AILayer.Version="3" InternalGUID="13" />
            <AILayer_Encounter AILayer.Version="3" InternalGUID="14" />
            <AILayer_ArmyRecruitment AILayer.Version="3" InternalGUID="15">
              <Commanders />
            </AILayer_ArmyRecruitment>
            <AILayer_Pacification AILayer.Version="3" InternalGUID="16" />
            <AILayer_Bribe AILayer.Version="3" InternalGUID="17" />
            <AILayer_Assimilation AILayer.Version="3" InternalGUID="18" />
            <AILayer_Attitude AILayer_Attitude.Version="2" AILayer.Version="3" InternalGUID="19">
              <Attitudes Count="1">
                <nullref />
              </Attitudes>
            </AILayer_Attitude>
            <AILayer_ResourceManager AILayer_ResourceManager.Version="2" ResourcePolicyMessageID="0" AILayer.Version="3" InternalGUID="20" />
            <AILayer_Patrol AILayer.Version="3" InternalGUID="21" />
            <AILayer_ArmyManagement AILayer_ArmyManagement.Version="2" AILayer.Version="3" InternalGUID="22">
              <Commanders />
              <CommandersByObjectiveType Count="0" />
            </AILayer_ArmyManagement>
            <AILayer_SiegeBreaker AILayer.Version="3" InternalGUID="23" />
            <AILayer_QuestSolver AILayer.Version="3" InternalGUID="24" />
            <AILayer_AutoAction AILayer.Version="3" InternalGUID="25">
              <Commanders />
            </AILayer_AutoAction>
            <AILayer_Trade AILayer.Version="3" InternalGUID="26" />
            <AILayer_Village AILayer.Version="3" InternalGUID="27" />
            <AILayer_HealUnits AILayer.Version="3" InternalGUID="28" />
            <AILayer_Diplomacy AILayer.Version="3" InternalGUID="27" />
            <AILayer_Research AILayer.Version="3" InternalGUID="28" />
            <AILayer_EmpirePlan AILayer.Version="3" InternalGUID="29" />
          </Layers>
        </AIEntity_Empire>
      </AIs>
    </AIPlayer_MajorEmpire>
  </AIPlayer_MajorEmpires>
  <AIPlayer_MinorEmpire>
    <Blackboard>
      <NextMessageId>1</NextMessageId>
      <Messages Count="0" />
    </Blackboard>
    <AIs Count="4">
      <AIEntity_MinorEmpire AssemblyQualifiedName="AIEntity_MinorEmpire, Assembly-CSharp, Version=0.0.0.0, Culture=neutral, PublicKeyToken=null">
        <Layers Count="4">
          <AILayer_Defcon AILayer.Version="3" InternalGUID="26" />
          <AILayer_Roaming CurrentDeploymentStepIndex="0" AILayer.Version="3" InternalGUID="27">
            <Commanders />
            <DeploymentSteps Count="7">
              <AIMinorEmpireDeploymentStep AIMinorEmpireDeploymentStep.Version="5" Name="Grace" ArmyStayInRegion="False" ArmySpawnAllowed="False" ArmyAttackAllowed="False" CityAttackAllowed="False" CitySiegeAllowed="False" CitySiegeDuration="0" MaxArmyPerVillage="0" MaxSpawnedArmyPerTurn="0" VillageAttackAllowed="False" MaxRoamingArmySize="0" StartTurn="0" />
              <AIMinorEmpireDeploymentStep AIMinorEmpireDeploymentStep.Version="5" Name="Roaming0" ArmyStayInRegion="False" ArmySpawnAllowed="True" ArmyAttackAllowed="True" CityAttackAllowed="False" CitySiegeAllowed="False" CitySiegeDuration="0" MaxArmyPerVillage="1" MaxSpawnedArmyPerTurn="1" VillageAttackAllowed="False" MaxRoamingArmySize="1" StartTurn="9" />
              <AIMinorEmpireDeploymentStep AIMinorEmpireDeploymentStep.Version="5" Name="Roaming1" ArmyStayInRegion="False" ArmySpawnAllowed="True" ArmyAttackAllowed="True" CityAttackAllowed="False" CitySiegeAllowed="False" CitySiegeDuration="0" MaxArmyPerVillage="1" MaxSpawnedArmyPerTurn="1" VillageAttackAllowed="False" MaxRoamingArmySize="2" StartTurn="30" />
              <AIMinorEmpireDeploymentStep AIMinorEmpireDeploymentStep.Version="5" Name="Roaming2" ArmyStayInRegion="False" ArmySpawnAllowed="True" ArmyAttackAllowed="True" CityAttackAllowed="False" CitySiegeAllowed="True" CitySiegeDuration="15" MaxArmyPerVillage="1" MaxSpawnedArmyPerTurn="1" VillageAttackAllowed="False" MaxRoamingArmySize="2" StartTurn="73" />
              <AIMinorEmpireDeploymentStep AIMinorEmpireDeploymentStep.Version="5" Name="Conquest0" ArmyStayInRegion="False" ArmySpawnAllowed="True" ArmyAttackAllowed="True" CityAttackAllowed="False" CitySiegeAllowed="True" CitySiegeDuration="15" MaxArmyPerVillage="1" MaxSpawnedArmyPerTurn="1" VillageAttackAllowed="False" MaxRoamingArmySize="3" StartTurn="103" />
              <AIMinorEmpireDeploymentStep AIMinorEmpireDeploymentStep.Version="5" Name="Conquest1" ArmyStayInRegion="False" ArmySpawnAllowed="True" ArmyAttackAllowed="True" CityAttackAllowed="True" CitySiegeAllowed="True" CitySiegeDuration="10" MaxArmyPerVillage="1.5" MaxSpawnedArmyPerTurn="1" VillageAttackAllowed="False" MaxRoamingArmySize="4" StartTurn="141" />
              <AIMinorEmpireDeploymentStep AIMinorEmpireDeploymentStep.Version="5" Name="Conquest2" ArmyStayInRegion="False" ArmySpawnAllowed="True" ArmyAttackAllowed="True" CityAttackAllowed="True" CitySiegeAllowed="True" CitySiegeDuration="6" MaxArmyPerVillage="2" MaxSpawnedArmyPerTurn="2" VillageAttackAllowed="False" MaxRoamingArmySize="4" StartTurn="196" />
            </DeploymentSteps>
          </AILayer_Roaming>
          <AILayer_UnitProduction TurnUntilNextArmy="1" AILayer.Version="3" InternalGUID="28">
            <Garrisons Count="2">
              <Village GUID="76" Cooldown="2147483647" />
              <Village GUID="77" Cooldown="2147483647" />
            </Garrisons>
          </AILayer_UnitProduction>
          <AILayer_Encounter AILayer.Version="3" InternalGUID="29" />
        </Layers>
      </AIEntity_MinorEmpire>
      <AIEntity_MinorEmpire AssemblyQualifiedName="AIEntity_MinorEmpire, Assembly-CSharp, Version=0.0.0.0, Culture=neutral, PublicKeyToken=null">
        <Layers Count="4">
          <AILayer_Defcon AILayer.Version="3" InternalGUID="30" />
          <AILayer_Roaming CurrentDeploymentStepIndex="0" AILayer.Version="3" InternalGUID="31">
            <Commanders />
            <DeploymentSteps Count="7">
              <AIMinorEmpireDeploymentStep AIMinorEmpireDeploymentStep.Version="5" Name="Grace" ArmyStayInRegion="False" ArmySpawnAllowed="False" ArmyAttackAllowed="False" CityAttackAllowed="False" CitySiegeAllowed="False" CitySiegeDuration="0" MaxArmyPerVillage="0" MaxSpawnedArmyPerTurn="0" VillageAttackAllowed="False" MaxRoamingArmySize="0" StartTurn="0" />
              <AIMinorEmpireDeploymentStep AIMinorEmpireDeploymentStep.Version="5" Name="Roaming0" ArmyStayInRegion="False" ArmySpawnAllowed="True" ArmyAttackAllowed="True" CityAttackAllowed="False" CitySiegeAllowed="False" CitySiegeDuration="0" MaxArmyPerVillage="1" MaxSpawnedArmyPerTurn="1" VillageAttackAllowed="False" MaxRoamingArmySize="1" StartTurn="12" />
              <AIMinorEmpireDeploymentStep AIMinorEmpireDeploymentStep.Version="5" Name="Roaming1" ArmyStayInRegion="False" ArmySpawnAllowed="True" ArmyAttackAllowed="True" CityAttackAllowed="False" CitySiegeAllowed="False" CitySiegeDuration="0" MaxArmyPerVillage="1" MaxSpawnedArmyPerTurn="1" VillageAttackAllowed="False" MaxRoamingArmySize="2" StartTurn="43" />
              <AIMinorEmpireDeploymentStep AIMinorEmpireDeploymentStep.Version="5" Name="Roaming2" ArmyStayInRegion="False" ArmySpawnAllowed="True" ArmyAttackAllowed="True" CityAttackAllowed="False" CitySiegeAllowed="True" CitySiegeDuration="15" MaxArmyPerVillage="1" MaxSpawnedArmyPerTurn="1" VillageAttackAllowed="False" MaxRoamingArmySize="2" StartTurn="74" />
              <AIMinorEmpireDeploymentStep AIMinorEmpireDeploymentStep.Version="5" Name="Conquest0" ArmyStayInRegion="False" ArmySpawnAllowed="True" ArmyAttackAllowed="True" CityAttackAllowed="False" CitySiegeAllowed="True" CitySiegeDuration="15" MaxArmyPerVillage="1" MaxSpawnedArmyPerTurn="1" VillageAttackAllowed="False" MaxRoamingArmySize="3" StartTurn="116" />
              <AIMinorEmpireDeploymentStep AIMinorEmpireDeploymentStep.Version="5" Name="Conquest1" ArmyStayInRegion="False" ArmySpawnAllowed="True" ArmyAttackAllowed="True" CityAttackAllowed="True" CitySiegeAllowed="True" CitySiegeDuration="10" MaxArmyPerVillage="1.5" MaxSpawnedArmyPerTurn="1" VillageAttackAllowed="False" MaxRoamingArmySize="4" StartTurn="144" />
              <AIMinorEmpireDeploymentStep AIMinorEmpireDeploymentStep.Version="5" Name="Conquest2" ArmyStayInRegion="False" ArmySpawnAllowed="True" ArmyAttackAllowed="True" CityAttackAllowed="True" CitySiegeAllowed="True" CitySiegeDuration="6" MaxArmyPerVillage="2" MaxSpawnedArmyPerTurn="2" VillageAttackAllowed="False" MaxRoamingArmySize="4" StartTurn="182" />
            </DeploymentSteps>
          </AILayer_Roaming>
          <AILayer_UnitProduction TurnUntilNextArmy="1" AILayer.Version="3" InternalGUID="32">
            <Garrisons Count="3">
              <Village GUID="83" Cooldown="2147483647" />
              <Village GUID="84" Cooldown="2147483647" />
              <Village GUID="85" Cooldown="2147483647" />
            </Garrisons>
          </AILayer_UnitProduction>
          <AILayer_Encounter AILayer.Version="3" InternalGUID="33" />
        </Layers>
      </AIEntity_MinorEmpire>
      <AIEntity_MinorEmpire AssemblyQualifiedName="AIEntity_MinorEmpire, Assembly-CSharp, Version=0.0.0.0, Culture=neutral, PublicKeyToken=null">
        <Layers Count="4">
          <AILayer_Defcon AILayer.Version="3" InternalGUID="34" />
          <AILayer_Roaming CurrentDeploymentStepIndex="0" AILayer.Version="3" InternalGUID="35">
            <Commanders />
            <DeploymentSteps Count="7">
              <AIMinorEmpireDeploymentStep AIMinorEmpireDeploymentStep.Version="5" Name="Grace" ArmyStayInRegion="False" ArmySpawnAllowed="False" ArmyAttackAllowed="False" CityAttackAllowed="False" CitySiegeAllowed="False" CitySiegeDuration="0" MaxArmyPerVillage="0" MaxSpawnedArmyPerTurn="0" VillageAttackAllowed="False" MaxRoamingArmySize="0" StartTurn="0" />
              <AIMinorEmpireDeploymentStep AIMinorEmpireDeploymentStep.Version="5" Name="Roaming0" ArmyStayInRegion="False" ArmySpawnAllowed="True" ArmyAttackAllowed="True" CityAttackAllowed="False" CitySiegeAllowed="False" CitySiegeDuration="0" MaxArmyPerVillage="1" MaxSpawnedArmyPerTurn="1" VillageAttackAllowed="False" MaxRoamingArmySize="1" StartTurn="10" />
              <AIMinorEmpireDeploymentStep AIMinorEmpireDeploymentStep.Version="5" Name="Roaming1" ArmyStayInRegion="False" ArmySpawnAllowed="True" ArmyAttackAllowed="True" CityAttackAllowed="False" CitySiegeAllowed="False" CitySiegeDuration="0" MaxArmyPerVillage="1" MaxSpawnedArmyPerTurn="1" VillageAttackAllowed="False" MaxRoamingArmySize="2" StartTurn="42" />
              <AIMinorEmpireDeploymentStep AIMinorEmpireDeploymentStep.Version="5" Name="Roaming2" ArmyStayInRegion="False" ArmySpawnAllowed="True" ArmyAttackAllowed="True" CityAttackAllowed="False" CitySiegeAllowed="True" CitySiegeDuration="15" MaxArmyPerVillage="1" MaxSpawnedArmyPerTurn="1" VillageAttackAllowed="False" MaxRoamingArmySize="2" StartTurn="76" />
              <AIMinorEmpireDeploymentStep AIMinorEmpireDeploymentStep.Version="5" Name="Conquest0" ArmyStayInRegion="False" ArmySpawnAllowed="True" ArmyAttackAllowed="True" CityAttackAllowed="False" CitySiegeAllowed="True" CitySiegeDuration="15" MaxArmyPerVillage="1" MaxSpawnedArmyPerTurn="1" VillageAttackAllowed="False" MaxRoamingArmySize="3" StartTurn="112" />
              <AIMinorEmpireDeploymentStep AIMinorEmpireDeploymentStep.Version="5" Name="Conquest1" ArmyStayInRegion="False" ArmySpawnAllowed="True" ArmyAttackAllowed="True" CityAttackAllowed="True" CitySiegeAllowed="True" CitySiegeDuration="10" MaxArmyPerVillage="1.5" MaxSpawnedArmyPerTurn="1" VillageAttackAllowed="False" MaxRoamingArmySize="4" StartTurn="152" />
              <AIMinorEmpireDeploymentStep AIMinorEmpireDeploymentStep.Version="5" Name="Conquest2" ArmyStayInRegion="False" ArmySpawnAllowed="True" ArmyAttackAllowed="True" CityAttackAllowed="True" CitySiegeAllowed="True" CitySiegeDuration="6" MaxArmyPerVillage="2" MaxSpawnedArmyPerTurn="2" VillageAttackAllowed="False" MaxRoamingArmySize="4" StartTurn="199" />
            </DeploymentSteps>
          </AILayer_Roaming>
          <AILayer_UnitProduction TurnUntilNextArmy="1" AILayer.Version="3" InternalGUID="36">
            <Garrisons Count="1">
              <Village GUID="93" Cooldown="2147483647" />
            </Garrisons>
          </AILayer_UnitProduction>
          <AILayer_Encounter AILayer.Version="3" InternalGUID="37" />
        </Layers>
      </AIEntity_MinorEmpire>
      <AIEntity_MinorEmpire AssemblyQualifiedName="AIEntity_MinorEmpire, Assembly-CSharp, Version=0.0.0.0, Culture=neutral, PublicKeyToken=null">
        <Layers Count="4">
          <AILayer_Defcon AILayer.Version="3" InternalGUID="38" />
          <AILayer_Roaming CurrentDeploymentStepIndex="0" AILayer.Version="3" InternalGUID="39">
            <Commanders />
            <DeploymentSteps Count="7">
              <AIMinorEmpireDeploymentStep AIMinorEmpireDeploymentStep.Version="5" Name="Grace" ArmyStayInRegion="False" ArmySpawnAllowed="False" ArmyAttackAllowed="False" CityAttackAllowed="False" CitySiegeAllowed="False" CitySiegeDuration="0" MaxArmyPerVillage="0" MaxSpawnedArmyPerTurn="0" VillageAttackAllowed="False" MaxRoamingArmySize="0" StartTurn="0" />
              <AIMinorEmpireDeploymentStep AIMinorEmpireDeploymentStep.Version="5" Name="Roaming0" ArmyStayInRegion="False" ArmySpawnAllowed="True" ArmyAttackAllowed="True" CityAttackAllowed="False" CitySiegeAllowed="False" CitySiegeDuration="0" MaxArmyPerVillage="1" MaxSpawnedArmyPerTurn="1" VillageAttackAllowed="False" MaxRoamingArmySize="1" StartTurn="12" />
              <AIMinorEmpireDeploymentStep AIMinorEmpireDeploymentStep.Version="5" Name="Roaming1" ArmyStayInRegion="False" ArmySpawnAllowed="True" ArmyAttackAllowed="True" CityAttackAllowed="False" CitySiegeAllowed="False" CitySiegeDuration="0" MaxArmyPerVillage="1" MaxSpawnedArmyPerTurn="1" VillageAttackAllowed="False" MaxRoamingArmySize="2" StartTurn="37" />
              <AIMinorEmpireDeploymentStep AIMinorEmpireDeploymentStep.Version="5" Name="Roaming2" ArmyStayInRegion="False" ArmySpawnAllowed="True" ArmyAttackAllowed="True" CityAttackAllowed="False" CitySiegeAllowed="True" CitySiegeDuration="15" MaxArmyPerVillage="1" MaxSpawnedArmyPerTurn="1" VillageAttackAllowed="False" MaxRoamingArmySize="2" StartTurn="88" />
              <AIMinorEmpireDeploymentStep AIMinorEmpireDeploymentStep.Version="5" Name="Conquest0" ArmyStayInRegion="False" ArmySpawnAllowed="True" ArmyAttackAllowed="True" CityAttackAllowed="False" CitySiegeAllowed="True" CitySiegeDuration="15" MaxArmyPerVillage="1" MaxSpawnedArmyPerTurn="1" VillageAttackAllowed="False" MaxRoamingArmySize="3" StartTurn="112" />
              <AIMinorEmpireDeploymentStep AIMinorEmpireDeploymentStep.Version="5" Name="Conquest1" ArmyStayInRegion="False" ArmySpawnAllowed="True" ArmyAttackAllowed="True" CityAttackAllowed="True" CitySiegeAllowed="True" CitySiegeDuration="10" MaxArmyPerVillage="1.5" MaxSpawnedArmyPerTurn="1" VillageAttackAllowed="False" MaxRoamingArmySize="4" StartTurn="150" />
              <AIMinorEmpireDeploymentStep AIMinorEmpireDeploymentStep.Version="5" Name="Conquest2" ArmyStayInRegion="False" ArmySpawnAllowed="True" ArmyAttackAllowed="True" CityAttackAllowed="True" CitySiegeAllowed="True" CitySiegeDuration="6" MaxArmyPerVillage="2" MaxSpawnedArmyPerTurn="2" VillageAttackAllowed="False" MaxRoamingArmySize="4" StartTurn="199" />
            </DeploymentSteps>
          </AILayer_Roaming>
          <AILayer_UnitProduction TurnUntilNextArmy="1" AILayer.Version="3" InternalGUID="40">
            <Garrisons Count="3">
              <Village GUID="97" Cooldown="2147483647" />
              <Village GUID="98" Cooldown="2147483647" />
              <Village GUID="99" Cooldown="2147483647" />
            </Garrisons>
          </AILayer_UnitProduction>
          <AILayer_Encounter AILayer.Version="3" InternalGUID="41" />
        </Layers>
      </AIEntity_MinorEmpire>
    </AIs>
  </AIPlayer_MinorEmpire>
  <AIPlayer_LesserEmpire EmpireIndex="5">
    <Blackboard>
      <NextMessageId>1</NextMessageId>
      <Messages Count="0" />
    </Blackboard>
    <AIs Count="1">
      <AIEntity_LesserEmpire AssemblyQualifiedName="AIEntity_LesserEmpire, Assembly-CSharp, Version=0.0.0.0, Culture=neutral, PublicKeyToken=null">
        <Layers Count="2">
          <AILayer_Encounter AILayer.Version="3" InternalGUID="42" />
          <AILayer_QuestManager AILayer.Version="3" InternalGUID="43">
            <Commanders />
          </AILayer_QuestManager>
        </Layers>
      </AIEntity_LesserEmpire>
    </AIs>
  </AIPlayer_LesserEmpire>
</AIScheduler>