﻿<GameSaveDescriptor xmlns:xsi="http://www.w3.org/2001/XMLSchema-instance" xmlns:xsd="http://www.w3.org/2001/XMLSchema">
  <DateTime>2014-08-28T14:46:29.0322753+02:00</DateTime>
  <GameSaveSessionDescriptor>
    <SessionMode>Single</SessionMode>
    <LobbyData Count="57">
      <LobbyData Key="SessionMode">Single</LobbyData>
      <LobbyData Key="Owner">76561198045201081</LobbyData>
      <LobbyData Key="Version">25770065923</LobbyData>
      <LobbyData Key="NumberOfMajorFactions">1</LobbyData>
      <LobbyData Key="OccupiedSlots">1</LobbyData>
      <LobbyData Key="FreeSlots">0</LobbyData>
      <LobbyData Key="GameDifficulty">Normal</LobbyData>
      <LobbyData Key="GameSpeed">Normal</LobbyData>
      <LobbyData Key="CustomFactions">True</LobbyData>
      <LobbyData Key="TimedTurn">False</LobbyData>
      <LobbyData Key="EndTurnTimer">0</LobbyData>
      <LobbyData Key="EndTurnTimerPerCity">0</LobbyData>
      <LobbyData Key="EndTurnTimerLastPlayer">0</LobbyData>
      <LobbyData Key="TimedEncounter">False</LobbyData>
      <LobbyData Key="EncounterNotificationTimer">0</LobbyData>
      <LobbyData Key="EncounterDeploymentTimer">0</LobbyData>
      <LobbyData Key="EncounterTargetingTimer">0</LobbyData>
      <LobbyData Key="EncounterSequence">Normal</LobbyData>
      <LobbyData Key="WorldSize">Tiny</LobbyData>
      <LobbyData Key="WorldShape">Custom</LobbyData>
      <LobbyData Key="ContinentShape">Custom</LobbyData>
      <LobbyData Key="Temperature">Terran</LobbyData>
      <LobbyData Key="Topography">Custom</LobbyData>
      <LobbyData Key="WorldDifficulty">Average</LobbyData>
      <LobbyData Key="PercentageOfLandmassOverWater">40</LobbyData>
      <LobbyData Key="NumberOfContinents">3</LobbyData>
      <LobbyData Key="IslandsOdds">None</LobbyData>
      <LobbyData Key="ForceOceansOnWorldBoundaries">Yes</LobbyData>
      <LobbyData Key="WorldWrap">False</LobbyData>
      <LobbyData Key="WorldHemispheres">Both</LobbyData>
      <LobbyData Key="ContinentSpread">Regular</LobbyData>
      <LobbyData Key="ContinentForm">Regular</LobbyData>
      <LobbyData Key="InternalSea">No</LobbyData>
      <LobbyData Key="RegionSize">Large</LobbyData>
      <LobbyData Key="Noise">Few</LobbyData>
      <LobbyData Key="LakeOdds">Few</LobbyData>
      <LobbyData Key="LakeSize">Average</LobbyData>
      <LobbyData Key="Rivers">Few</LobbyData>
      <LobbyData Key="RidgesAndCliffs">Few</LobbyData>
      <LobbyData Key="Forests">Few</LobbyData>
      <LobbyData Key="Geometry">Default</LobbyData>
      <LobbyData Key="Seed">Random</LobbyData>
      <LobbyData Key="EmpireSpawn">Average</LobbyData>
      <LobbyData Key="StrategicResourceAbundance">Few</LobbyData>
      <LobbyData Key="LuxuryResourceAbundance">Few</LobbyData>
      <LobbyData Key="AnomalyOdds">Few</LobbyData>
      <LobbyData Key="MinorFactionDifficulty">Hard</LobbyData>
      <LobbyData Key="Empire0">0x01100001051002b9</LobbyData>
      <LobbyData Key="Faction0">FactionTutorial,Vaulters,AffinityTutorial,AffinityMappingTutorial,FactionTraitTechnologyLuxuryExtractionCommon,FactionTraitTechnologyDefinitionMapActionParley</LobbyData>
      <LobbyData Key="Color0">0</LobbyData>
      <LobbyData Key="name">Marcelo's game</LobbyData>
      <LobbyData Key="owner">76561198045201081</LobbyData>
      <LobbyData Key="version">25770065923</LobbyData>
      <LobbyData Key="runtimehash">B66D5C553D8E6100FF9E77601B106903</LobbyData>
    </LobbyData>
  </GameSaveSessionDescriptor>
  <Title>Tutorial - Chapter 1</Title>
  <Turn>0</Turn>
  <Version Accessibility="Private" Label="BETA" Major="0" Minor="6" Public="false" Revision="4" Serial="3" />
</GameSaveDescriptor>