﻿<?xml version="1.0" encoding="utf-8"?>
<GameStatisticsManager DateTime="Thursday, 28 August 2014 12:46:29">
  <Recordings Count="1">
    <GameStatisticsRecording Name="GameStatisticsRecording #2014'07'23 @1515'01''">
      <Properties Count="0" />
      <Snapshots Count="1">
        <Snapshot Name="Turn #0">
          <Properties Count="4">
            <Property Key="Turn" Value="0" />
            <Property Key="HighestGlobalScore" Value="12" />
            <Property Key="HighestMilitaryScore" Value="82.17818" />
            <Property Key="HighestScienceScore" Value="2" />
          </Properties>
          <Snapshots Count="1">
            <Snapshot Name="Empire#0">
              <Properties Count="29">
                <Property Key="SumOfAllUnitsLevels" Value="1" />
                <Property Key="SumOfAllHeroesLevels" Value="0" />
                <Property Key="NumberOfCities" Value="0" />
                <Property Key="NumberOfDistricts" Value="0" />
                <Property Key="NumberOfLevel1Districts" Value="0" />
                <Property Key="TotalPopulation" Value="0" />
                <Property Key="NumberOfImprovements" Value="0" />
                <Property Key="NumberOfTechnologies" Value="2" />
                <Property Key="ProductionPerTurnFood" Value="0" />
                <Property Key="ProductionPerTurnIndustry" Value="0" />
                <Property Key="ProductionPerTurnDust" Value="-3" />
                <Property Key="ProductionPerTurnScience" Value="0" />
                <Property Key="ProductionPerTurnCityPoint" Value="0" />
                <Property Key="AverageApproval" Value="0" />
                <Property Key="MilitaryPower" Value="3096" />
                <Property Key="GlobalScore" Value="12" />
                <Property Key="MilitaryScore" Value="3.096" />
                <Property Key="ExpansionScore" Value="0" />
                <Property Key="PopulationScore" Value="0" />
                <Property Key="ScienceScore" Value="2" />
                <Property Key="FoodPerTurnScore" Value="0" />
                <Property Key="IndustryPerTurnScore" Value="0" />
                <Property Key="DustPerTurnScore" Value="-3" />
                <Property Key="SciencePerTurnScore" Value="0" />
                <Property Key="EmpirePointPerTurnScore" Value="0" />
                <Property Key="ApprovalScore" Value="0" />
                <Property Key="NumberOfLevel2Districts" Value="0" />
                <Property Key="NumberOfPeacePoints" Value="0" />
                <Property Key="PeacePointScore" Value="0" />
              </Properties>
              <Snapshots Count="0" />
            </Snapshot>
          </Snapshots>
        </Snapshot>
      </Snapshots>
    </GameStatisticsRecording>
  </Recordings>
</GameStatisticsManager>